{"stats":{"minecraft:dropped":{"mtr:brush":1,"mtr:rail_connector_platform":1,"mtr:station_name_entrance":1,"mtr:pids_2":1,"mtr:ticket_barrier_entrance_1":1,"mtr:ticket_machine":1,"mtr:platform":5,"mtr:glass_fence_mos":1,"minecraft:lantern":6,"mtr:rail":1,"mtr:apg_glass":1,"minecraft:green_banner":1,"mtr:station_name_tall_block":1,"mtr:escalator":1,"minecraft:nether_brick_fence":1,"mtr:dashboard":1,"mtr:ticket_barrier_exit_1":1,"mtr:ticket_processor":1,"minecraft:birch_stairs":1,"mtr:apg_door":2,"minecraft:polished_andesite":5},"minecraft:picked_up":{"mtr:railway_sign_2_odd":8,"minecraft:nether_brick_fence":1,"mtr:apg_door":2,"mtr:ticket_processor":1,"mtr:rail":1,"mtr:glass_fence_mos":1,"minecraft:birch_stairs":1,"mtr:platform":5,"mtr:pids_2":1,"minecraft:lantern":6,"minecraft:polished_andesite":5,"mtr:station_name_tall_block":1,"minecraft:green_banner":1,"mtr:dashboard":1,"mtr:ticket_barrier_exit_1":1,"mtr:escalator":1,"mtr:station_name_entrance":1,"mtr:apg_glass":1,"mtr:rail_connector_platform":1,"mtr:ticket_machine":1,"mtr:brush":1,"mtr:ticket_barrier_entrance_1":1},"minecraft:used":{"mtr:glass_fence_mos":2,"mtr:rail_connector_siding":18,"minecraft:nether_brick_fence":447,"minecraft:lever":17,"mtr:platform":622,"mtr:rail_connector_6_diamond":70,"mtr:station_name_entrance":112,"mtr:rail_connector_platform":26,"mtr:apg_glass_end":278,"mtr:ticket_processor":3,"minecraft:jungle_fence_gate":16,"minecraft:lantern":1270,"mtr:railway_sign_5_odd":1,"minecraft:polished_andesite":2685,"mtr:station_name_tall_block":10,"mtr:route_sign_standing_light":9,"mtr:apg_door":25,"mtr:rail":65,"mtr:ticket_barrier_exit_1":8,"mtr:glass_fence_heo":8,"mtr:station_pole":3,"minecraft:quartz_stairs":18,"mtr:station_name_tall_wall":2,"mtr:ticket_processor_enquiry":4,"mtr:arrival_projector_1_large":2,"mtr:ticket_barrier_entrance_1":8,"mtr:apg_glass":110,"mtr:escalator":119,"mtr:railway_sign_2_odd":27,"minecraft:birch_stairs":25,"mtr:pids_2":33,"minecraft:honey_bottle":10,"mtr:ticket_machine":4},"minecraft:custom":{"minecraft:time_since_rest":8238,"minecraft:sprint_one_cm":372636,"minecraft:walk_one_cm":1241484,"minecraft:drop":32,"minecraft:damage_dealt":100,"minecraft:fly_one_cm":4536033,"minecraft:play_one_minute":324600,"minecraft:deaths":1,"minecraft:bell_ring":25,"minecraft:sneak_time":79,"minecraft:jump":1106,"minecraft:leave_game":10,"minecraft:time_since_death":322702,"minecraft:sleep_in_bed":3,"minecraft:climb_one_cm":1691}},"DataVersion":2586}